종목코드,종목명,거래량_매도,거래량_매수,거래량_순매수,거래대금_매도,거래대금_매수,거래대금_순매수
"095570","AJ네트웍스","93502130","93502130","0","367.0","367.0","0.0"
"006840","AK홀딩스","15786201","15786201","0","342.0","342.0","0.0"
"027410","BGF","79026273","79026273","0","363.0","363.0","0.0"
"282330","BGF리테일","11022796","11022796","0","1532.0","1532.0","0.0"
"138930","BNK금융지주","402589015","402589015","0","2185.0","2185.0","0.0"
"001460","BYC","291566","291566","0","63.0","63.0","0.0"
"001465","BYC우","146595","146595","0","19.0","19.0","0.0"
"001040","CJ","24715952","24715952","0","2030.0","2030.0","0.0"
"079160","CJ CGV","105131997","105131997","0","2408.0","2408.0","0.0"
"00104K","CJ4우(전환)","4195160","4195160","0","238.0","238.0","0.0"
"000120","CJ대한통운","21498666","21498666","0","3356.0","3356.0","0.0"
"011150","CJ씨푸드","1500777104","1500777104","0","6653.0","6653.0","0.0"
"011155","CJ씨푸드1우","8198505","8198505","0","368.0","368.0","0.0"
"001045","CJ우","4783256","4783256","0","229.0","229.0","0.0"
"097950","CJ제일제당","18702951","18702951","0","6125.0","6125.0","0.0"
"097955","CJ제일제당 우","2425712","2425712","0","352.0","352.0","0.0"
"000590","CS홀딩스","1372773","1372773","0","86.0","86.0","0.0"
"012030","DB","233925577","233925577","0","171.0","171.0","0.0"
"016610","DB금융투자","44686325","44686325","0","165.0","165.0","0.0"
"005830","DB손해보험","63059769","63059769","0","2670.0","2670.0","0.0"
"000990","DB하이텍","309570978","309570978","0","10016.0","10016.0","0.0"
"000995","DB하이텍1우","2576514","2576514","0","327.0","327.0","0.0"
"139130","DGB금융지주","251672390","251672390","0","1426.0","1426.0","0.0"
"001530","DI동일","4280267","4280267","0","365.0","365.0","0.0"
"004840","DRB동일","87727591","87727591","0","616.0","616.0","0.0"
"155660","DSR","58622735","58622735","0","315.0","315.0","0.0"
"069730","DSR제강","51911304","51911304","0","230.0","230.0","0.0"
"017940","E1","5139783","5139783","0","209.0","209.0","0.0"
"365550","ESR켄달스퀘어리츠","15524864","15524864","0","79.0","79.0","0.0"
"007700","F&F","23269192","23269192","0","2246.0","2246.0","0.0"
"114090","GKL","106306755","106306755","0","1561.0","1561.0","0.0"
"078930","GS","74145566","74145566","0","2759.0","2759.0","0.0"
"006360","GS건설","146720309","146720309","0","3994.0","3994.0","0.0"
"001250","GS글로벌","102810609","102810609","0","177.0","177.0","0.0"
"007070","GS리테일","75575960","75575960","0","2704.0","2704.0","0.0"
"078935","GS우","2155151","2155151","0","66.0","66.0","0.0"
"012630","HDC","123179638","123179638","0","1245.0","1245.0","0.0"
"039570","HDC아이콘트롤스","20165195","20165195","0","182.0","182.0","0.0"
"089470","HDC현대EP","71367211","71367211","0","393.0","393.0","0.0"
"294870","HDC현대산업개발","257630153","257630153","0","5509.0","5509.0","0.0"
"011200","HMM","1163048258","1163048258","0","9857.0","9857.0","0.0"
"082740","HSD엔진","233291755","233291755","0","1361.0","1361.0","0.0"
"003560","IHQ","444484206","444484206","0","696.0","696.0","0.0"
"175330","JB금융지주","108125158","108125158","0","537.0","537.0","0.0"
"234080","JW생명과학","54716158","54716158","0","1067.0","1067.0","0.0"
"001060","JW중외제약","132213231","132213231","0","4619.0","4619.0","0.0"
"001067","JW중외제약2우B","3513672","3513672","0","254.0","254.0","0.0"
"001065","JW중외제약우","10387031","10387031","0","662.0","662.0","0.0"
"096760","JW홀딩스","166291414","166291414","0","977.0","977.0","0.0"
"105560","KB금융","524772226","524772226","0","19861.0","19861.0","0.0"
"002380","KCC","15634229","15634229","0","2469.0","2469.0","0.0"
"009070","KCTC","193489976","193489976","0","680.0","680.0","0.0"
"009440","KC그린홀딩스","77945564","77945564","0","361.0","361.0","0.0"
"119650","KC코트렐","349039380","349039380","0","3055.0","3055.0","0.0"
"092220","KEC","3128675188","3128675188","0","6923.0","6923.0","0.0"
"016380","KG동부제철","51925514","51925514","0","618.0","618.0","0.0"
"016385","KG동부제철우","676346","676346","0","90.0","90.0","0.0"
"001390","KG케미칼","73199526","73199526","0","1313.0","1313.0","0.0"
"001940","KISCO홀딩스","4984117","4984117","0","61.0","61.0","0.0"
"025000","KPX케미칼","3696781","3696781","0","196.0","196.0","0.0"
"092230","KPX홀딩스","10746696","10746696","0","815.0","815.0","0.0"
"000040","KR모터스","648309330","648309330","0","603.0","603.0","0.0"
"044450","KSS해운","27920424","27920424","0","261.0","261.0","0.0"
"030200","KT","256907557","256907557","0","6063.0","6063.0","0.0"
"033780","KT&G","125905366","125905366","0","10509.0","10509.0","0.0"
"030210","KTB투자증권","88865190","88865190","0","227.0","227.0","0.0"
"058850","KTcs","215005981","215005981","0","430.0","430.0","0.0"
"058860","KTis","69434794","69434794","0","163.0","163.0","0.0"
"093050","LF","37017000","37017000","0","505.0","505.0","0.0"
"003550","LG","97214046","97214046","0","7160.0","7160.0","0.0"
"034220","LG디스플레이","776615879","776615879","0","11004.0","11004.0","0.0"
"001120","LG상사","91204687","91204687","0","1481.0","1481.0","0.0"
"051900","LG생활건강","10382465","10382465","0","14138.0","14138.0","0.0"
"051905","LG생활건강우","1133254","1133254","0","805.0","805.0","0.0"
"003555","LG우","6367484","6367484","0","368.0","368.0","0.0"
"032640","LG유플러스","580927735","580927735","0","7123.0","7123.0","0.0"
"011070","LG이노텍","67972899","67972899","0","10024.0","10024.0","0.0"
"066570","LG전자","310641270","310641270","0","25903.0","25903.0","0.0"
"066575","LG전자우","51577736","51577736","0","2226.0","2226.0","0.0"
"108670","LG하우시스","19302538","19302538","0","1177.0","1177.0","0.0"
"108675","LG하우시스우","3399191","3399191","0","103.0","103.0","0.0"
"037560","LG헬로비전","59157408","59157408","0","242.0","242.0","0.0"
"051910","LG화학","145818227","145818227","0","77718.0","77718.0","0.0"
"051915","LG화학우","17913738","17913738","0","5212.0","5212.0","0.0"
"079550","LIG넥스원","37922805","37922805","0","1117.0","1117.0","0.0"
"006260","LS","54269431","54269431","0","2756.0","2756.0","0.0"
"010120","LS ELECTRIC","37032107","37032107","0","1922.0","1922.0","0.0"
"000680","LS네트웍스","59291072","59291072","0","154.0","154.0","0.0"
"229640","LS전선아시아","65004668","65004668","0","501.0","501.0","0.0"
"023150","MH에탄올","189183676","189183676","0","1767.0","1767.0","0.0"
"035420","NAVER","213222505","213222505","0","53869.0","53869.0","0.0"
"181710","NHN","31323158","31323158","0","2457.0","2457.0","0.0"
"005940","NH투자증권","368349874","368349874","0","3565.0","3565.0","0.0"
"005945","NH투자증권우","33735350","33735350","0","269.0","269.0","0.0"
"338100","NH프라임리츠","19039606","19039606","0","92.0","92.0","0.0"
"034310","NICE","17478297","17478297","0","346.0","346.0","0.0"
"008260","NI스틸","118330808","118330808","0","276.0","276.0","0.0"
"004250","NPC","16689041","16689041","0","56.0","56.0","0.0"
"004255","NPC우","2268747","2268747","0","5.0","5.0","0.0"
"010060","OCI","117780374","117780374","0","6844.0","6844.0","0.0"
"005490","POSCO","98430516","98430516","0","19692.0","19692.0","0.0"
"100840","S&TC","5560096","5560096","0","86.0","86.0","0.0"
"064960","S&T모티브","18531071","18531071","0","809.0","809.0","0.0"
"003570","S&T중공업","32956470","32956470","0","181.0","181.0","0.0"
"036530","S&T홀딩스","2708795","2708795","0","39.0","39.0","0.0"
"010950","S-Oil","137415426","137415426","0","9098.0","9098.0","0.0"
"010955","S-Oil우","4625273","4625273","0","172.0","172.0","0.0"
"034120","SBS","37735969","37735969","0","707.0","707.0","0.0"
"101060","SBS미디어홀딩스","62111852","62111852","0","123.0","123.0","0.0"
"005090","SGC에너지","9742360","9742360","0","345.0","345.0","0.0"
"004060","SG세계물산","887451248","887451248","0","641.0","641.0","0.0"
"001380","SG충방","405933852","405933852","0","767.0","767.0","0.0"
"002360","SH에너지화학","1338396382","1338396382","0","1554.0","1554.0","0.0"
"009160","SIMPAC","22061225","22061225","0","55.0","55.0","0.0"
"123700","SJM","10000109","10000109","0","30.0","30.0","0.0"
"025530","SJM홀딩스","3430937","3430937","0","9.0","9.0","0.0"
"034730","SK","100833671","100833671","0","24004.0","24004.0","0.0"
"011790","SKC","108417819","108417819","0","7231.0","7231.0","0.0"
"018670","SK가스","5430025","5430025","0","514.0","514.0","0.0"
"001740","SK네트웍스","260315714","260315714","0","1306.0","1306.0","0.0"
"001745","SK네트웍스우","2838813","2838813","0","494.0","494.0","0.0"
"006120","SK디스커버리","141813532","141813532","0","7148.0","7148.0","0.0"
"006125","SK디스커버리우","40324299","40324299","0","1700.0","1700.0","0.0"
"210980","SK디앤디","30735690","30735690","0","1213.0","1213.0","0.0"
"068400","SK렌터카","32433450","32433450","0","309.0","309.0","0.0"
"326030","SK바이오팜","86407174","86407174","0","16393.0","16393.0","0.0"
"03473K","SK우","10991721","10991721","0","2982.0","2982.0","0.0"
"096770","SK이노베이션","234047641","234047641","0","31622.0","31622.0","0.0"
"096775","SK이노베이션우","11079860","11079860","0","1410.0","1410.0","0.0"
"001510","SK증권","4085225283","4085225283","0","3664.0","3664.0","0.0"
"001515","SK증권우","197075311","197075311","0","1477.0","1477.0","0.0"
"285130","SK케미칼","171454381","171454381","0","36174.0","36174.0","0.0"
"28513K","SK케미칼우","54431206","54431206","0","5198.0","5198.0","0.0"
"017670","SK텔레콤","87429822","87429822","0","19399.0","19399.0","0.0"
"000660","SK하이닉스","1027573675","1027573675","0","90633.0","90633.0","0.0"
"005610","SPC삼립","4155821","4155821","0","283.0","283.0","0.0"
"011810","STX","38563855","38563855","0","256.0","256.0","0.0"
"077970","STX엔진","30206385","30206385","0","216.0","216.0","0.0"
"071970","STX중공업","145038401","145038401","0","548.0","548.0","0.0"
"084870","TBH글로벌","67206839","67206839","0","129.0","129.0","0.0"
"002710","TCC스틸","393407290","393407290","0","1565.0","1565.0","0.0"
"024070","WISCOM","12764834","12764834","0","31.0","31.0","0.0"
"037270","YG PLUS","1013575271","1013575271","0","4583.0","4583.0","0.0"
"000500","가온전선","5215137","5215137","0","117.0","117.0","0.0"
"000860","강남제비스코","4102783","4102783","0","72.0","72.0","0.0"
"035250","강원랜드","194918952","194918952","0","4523.0","4523.0","0.0"
"011420","갤럭시아에스엠","67035122","67035122","0","102.0","102.0","0.0"
"002100","경농","110644236","110644236","0","1528.0","1528.0","0.0"
"009450","경동나비엔","18700600","18700600","0","895.0","895.0","0.0"
"267290","경동도시가스","5475305","5475305","0","103.0","103.0","0.0"
"012320","경동인베스트","1490558","1490558","0","42.0","42.0","0.0"
"000050","경방","19147519","19147519","0","218.0","218.0","0.0"
"214390","경보제약","171293622","171293622","0","2530.0","2530.0","0.0"
"012610","경인양행","240859106","240859106","0","1995.0","1995.0","0.0"
"009140","경인전자","982240","982240","0","22.0","22.0","0.0"
"013580","계룡건설","32532680","32532680","0","791.0","791.0","0.0"
"012200","계양전기","234648597","234648597","0","844.0","844.0","0.0"
"012205","계양전기우","27387035","27387035","0","231.0","231.0","0.0"
"004200","고려개발","3611273","3611273","0","30.0","30.0","0.0"
"002140","고려산업","607635080","607635080","0","2461.0","2461.0","0.0"
"010130","고려아연","13658408","13658408","0","5368.0","5368.0","0.0"
"002240","고려제강","16033243","16033243","0","267.0","267.0","0.0"
"009290","광동제약","360664626","360664626","0","3666.0","3666.0","0.0"
"017040","광명전기","119791127","119791127","0","233.0","233.0","0.0"
"017900","광전자","180083623","180083623","0","453.0","453.0","0.0"
"037710","광주신세계","424709","424709","0","65.0","65.0","0.0"
"030610","교보증권","33940062","33940062","0","238.0","238.0","0.0"
"339770","교촌에프앤비","83255838","83255838","0","2447.0","2447.0","0.0"
"007690","국도화학","5091116","5091116","0","234.0","234.0","0.0"
"005320","국동","954994572","954994572","0","2547.0","2547.0","0.0"
"001140","국보","443830964","443830964","0","999.0","999.0","0.0"
"002720","국제약품","755443576","755443576","0","6720.0","6720.0","0.0"
"083420","그린케미칼","157949310","157949310","0","1257.0","1257.0","0.0"
"014530","극동유화","279221268","279221268","0","1249.0","1249.0","0.0"
"014280","금강공업","45010080","45010080","0","173.0","173.0","0.0"
"014285","금강공업우","31068760","31068760","0","466.0","466.0","0.0"
"008870","금비","1451502","1451502","0","101.0","101.0","0.0"
"001570","금양","197174588","197174588","0","909.0","909.0","0.0"
"002990","금호산업","91963283","91963283","0","789.0","789.0","0.0"
"002995","금호산업우","5070913","5070913","0","200.0","200.0","0.0"
"011780","금호석유","60869683","60869683","0","6131.0","6131.0","0.0"
"011785","금호석유우","8546549","8546549","0","348.0","348.0","0.0"
"214330","금호에이치티","1232273562","1232273562","0","4257.0","4257.0","0.0"
"001210","금호전기","35555668","35555668","0","131.0","131.0","0.0"
"073240","금호타이어","152813734","152813734","0","527.0","527.0","0.0"
"092440","기신정기","30800100","30800100","0","113.0","113.0","0.0"
"000270","기아차","521385426","521385426","0","21883.0","21883.0","0.0"
"024110","기업은행","571476210","571476210","0","4915.0","4915.0","0.0"
"013700","까뮤이앤씨","1463185961","1463185961","0","2975.0","2975.0","0.0"
"004540","깨끗한나라","330027019","330027019","0","1304.0","1304.0","0.0"
"004545","깨끗한나라우","12783097","12783097","0","328.0","328.0","0.0"
"001260","남광토건","32670454","32670454","0","409.0","409.0","0.0"
"008350","남선알미늄","3397657692","3397657692","0","17855.0","17855.0","0.0"
"008355","남선알미우","14915721","14915721","0","876.0","876.0","0.0"
"004270","남성","950090037","950090037","0","3502.0","3502.0","0.0"
"003920","남양유업","658720","658720","0","203.0","203.0","0.0"
"003925","남양유업우","654914","654914","0","116.0","116.0","0.0"
"025860","남해화학","78196423","78196423","0","626.0","626.0","0.0"
"005720","넥센","17071496","17071496","0","73.0","73.0","0.0"
"005725","넥센우","8545782","8545782","0","29.0","29.0","0.0"
"002350","넥센타이어","84445605","84445605","0","484.0","484.0","0.0"
"002355","넥센타이어1우B","6281416","6281416","0","15.0","15.0","0.0"
"003580","넥스트사이언스","139902098","139902098","0","911.0","911.0","0.0"
"251270","넷마블","122592371","122592371","0","15819.0","15819.0","0.0"
"090350","노루페인트","54220118","54220118","0","432.0","432.0","0.0"
"090355","노루페인트우","12460398","12460398","0","184.0","184.0","0.0"
"000320","노루홀딩스","4758613","4758613","0","49.0","49.0","0.0"
"000325","노루홀딩스우","713821","713821","0","13.0","13.0","0.0"
"006280","녹십자","77568476","77568476","0","21068.0","21068.0","0.0"
"005250","녹십자홀딩스","169444368","169444368","0","5847.0","5847.0","0.0"
"005257","녹십자홀딩스2우","7856987","7856987","0","1155.0","1155.0","0.0"
"004370","농심","9701678","9701678","0","2996.0","2996.0","0.0"
"072710","농심홀딩스","1113451","1113451","0","85.0","85.0","0.0"
"058730","다스코","35478990","35478990","0","206.0","206.0","0.0"
"023590","다우기술","105763757","105763757","0","2188.0","2188.0","0.0"
"019680","대교","70142193","70142193","0","336.0","336.0","0.0"
"019685","대교우B","30121048","30121048","0","83.0","83.0","0.0"
"006370","대구백화점","7896305","7896305","0","61.0","61.0","0.0"
"008060","대덕","127755483","127755483","0","973.0","973.0","0.0"
"00806K","대덕1우","17883507","17883507","0","165.0","165.0","0.0"
"353200","대덕전자","309735287","309735287","0","3608.0","3608.0","0.0"
"35320K","대덕전자1우","40400897","40400897","0","333.0","333.0","0.0"
"000490","대동공업","71265293","71265293","0","468.0","468.0","0.0"
"008110","대동전자","5039689","5039689","0","21.0","21.0","0.0"
"005750","대림B&Co","14614646","14614646","0","70.0","70.0","0.0"
"001880","대림건설","20688046","20688046","0","525.0","525.0","0.0"
"000210","대림산업","87876076","87876076","0","7236.0","7236.0","0.0"
"000215","대림산업우","7750191","7750191","0","332.0","332.0","0.0"
"006570","대림통상","1029873","1029873","0","4.0","4.0","0.0"
"001680","대상","64626202","64626202","0","1585.0","1585.0","0.0"
"001685","대상우","3024004","3024004","0","46.0","46.0","0.0"
"084690","대상홀딩스","66837370","66837370","0","565.0","565.0","0.0"
"084695","대상홀딩스우","2987504","2987504","0","21.0","21.0","0.0"
"128820","대성산업","87646478","87646478","0","336.0","336.0","0.0"
"117580","대성에너지","30522019","30522019","0","173.0","173.0","0.0"
"016710","대성홀딩스","22181203","22181203","0","362.0","362.0","0.0"
"003540","대신증권","43213433","43213433","0","469.0","469.0","0.0"
"003547","대신증권2우B","9543151","9543151","0","85.0","85.0","0.0"
"003545","대신증권우","28270067","28270067","0","264.0","264.0","0.0"
"009190","대양금속","591829327","591829327","0","2661.0","2661.0","0.0"
"014160","대영포장","2202332306","2202332306","0","3167.0","3167.0","0.0"
"047040","대우건설","641361739","641361739","0","2428.0","2428.0","0.0"
"009320","대우부품","993651682","993651682","0","2619.0","2619.0","0.0"
"042660","대우조선해양","114571550","114571550","0","2697.0","2697.0","0.0"
"003090","대웅","403777526","403777526","0","13667.0","13667.0","0.0"
"069620","대웅제약","90555758","90555758","0","12159.0","12159.0","0.0"
"000430","대원강업","48707530","48707530","0","192.0","192.0","0.0"
"006340","대원전선","215011431","215011431","0","220.0","220.0","0.0"
"006345","대원전선우","42652375","42652375","0","158.0","158.0","0.0"
"003220","대원제약","155969397","155969397","0","3249.0","3249.0","0.0"
"024890","대원화성","136562912","136562912","0","243.0","243.0","0.0"
"002880","대유에이텍","182320840","182320840","0","157.0","157.0","0.0"
"000300","대유플러스","480724868","480724868","0","421.0","421.0","0.0"
"012800","대창","765365687","765365687","0","1003.0","1003.0","0.0"
"015230","대창단조","5382347","5382347","0","106.0","106.0","0.0"
"001070","대한방직","2428989","2428989","0","68.0","68.0","0.0"
"006650","대한유화","18843301","18843301","0","2798.0","2798.0","0.0"
"001440","대한전선","2479333284","2479333284","0","2646.0","2646.0","0.0"
"084010","대한제강","31328213","31328213","0","238.0","238.0","0.0"
"001790","대한제당","4248003","4248003","0","82.0","82.0","0.0"
"001799","대한제당3우B","57522","57522","0","1.0","1.0","0.0"
"001795","대한제당우","783869","783869","0","11.0","11.0","0.0"
"001130","대한제분","2212142","2212142","0","339.0","339.0","0.0"
"003490","대한항공","669844907","669844907","0","15036.0","15036.0","0.0"
"003495","대한항공우","45956456","45956456","0","1294.0","1294.0","0.0"
"005880","대한해운","1003283309","1003283309","0","3206.0","3206.0","0.0"
"003830","대한화섬","287547","287547","0","23.0","23.0","0.0"
"016090","대현","58923169","58923169","0","111.0","111.0","0.0"
"069460","대호에이엘","213849749","213849749","0","569.0","569.0","0.0"
"192080","더블유게임즈","47745890","47745890","0","3067.0","3067.0","0.0"
"012510","더존비즈온","45986667","45986667","0","4686.0","4686.0","0.0"
"004830","덕성","665247464","665247464","0","3976.0","3976.0","0.0"
"004835","덕성우","119887788","119887788","0","1518.0","1518.0","0.0"
"024900","덕양산업","406825561","406825561","0","702.0","702.0","0.0"
"145720","덴티움","17764217","17764217","0","731.0","731.0","0.0"
"002150","도화엔지니어링","38433803","38433803","0","314.0","314.0","0.0"
"001230","동국제강","289820584","289820584","0","1864.0","1864.0","0.0"
"023450","동남합성","767866","767866","0","26.0","26.0","0.0"
"004140","동방","1107014346","1107014346","0","2391.0","2391.0","0.0"
"007590","동방아그로","4844868","4844868","0","31.0","31.0","0.0"
"005960","동부건설","22430327","22430327","0","236.0","236.0","0.0"
"005965","동부건설우","3398463","3398463","0","130.0","130.0","0.0"
"083370","동북아12호","110904","110904","0","1.0","1.0","0.0"
"083380","동북아13호","61113","61113","0","0.0","0.0","0.0"
"026960","동서","39746447","39746447","0","940.0","940.0","0.0"
"002210","동성제약","143770940","143770940","0","1881.0","1881.0","0.0"
"102260","동성코퍼레이션","26393678","26393678","0","110.0","110.0","0.0"
"005190","동성화학","4843938","4843938","0","78.0","78.0","0.0"
"000640","동아쏘시오홀딩스","9466316","9466316","0","1140.0","1140.0","0.0"
"170900","동아에스티","8605946","8605946","0","780.0","780.0","0.0"
"028100","동아지질","45141211","45141211","0","708.0","708.0","0.0"
"282690","동아타이어","2935916","2935916","0","29.0","29.0","0.0"
"001520","동양","787275204","787275204","0","1093.0","1093.0","0.0"
"001527","동양2우B","2458902","2458902","0","33.0","33.0","0.0"
"001529","동양3우B","885346","885346","0","28.0","28.0","0.0"
"084670","동양고속","2309322","2309322","0","63.0","63.0","0.0"
"002900","동양물산","1385421839","1385421839","0","1780.0","1780.0","0.0"
"082640","동양생명","46451828","46451828","0","143.0","143.0","0.0"
"001525","동양우","7156753","7156753","0","52.0","52.0","0.0"
"008970","동양철관","404007641","404007641","0","428.0","428.0","0.0"
"092780","동양피스톤","79685836","79685836","0","463.0","463.0","0.0"
"049770","동원F&B","1983433","1983433","0","367.0","367.0","0.0"
"018500","동원금속","115955844","115955844","0","89.0","89.0","0.0"
"006040","동원산업","1248101","1248101","0","261.0","261.0","0.0"
"030720","동원수산","47993225","47993225","0","452.0","452.0","0.0"
"014820","동원시스템즈","12631307","12631307","0","337.0","337.0","0.0"
"014825","동원시스템즈우","508489","508489","0","16.0","16.0","0.0"
"163560","동일고무벨트","102796477","102796477","0","1030.0","1030.0","0.0"
"004890","동일산업","924728","924728","0","56.0","56.0","0.0"
"002690","동일제강","25795715","25795715","0","53.0","53.0","0.0"
"000020","동화약품","378603361","378603361","0","7244.0","7244.0","0.0"
"000150","두산","36528051","36528051","0","1681.0","1681.0","0.0"
"000157","두산2우B","3229439","3229439","0","262.0","262.0","0.0"
"011160","두산건설","12730752","12730752","0","18.0","18.0","0.0"
"241560","두산밥캣","146730720","146730720","0","3975.0","3975.0","0.0"
"000155","두산우","14203622","14203622","0","575.0","575.0","0.0"
"042670","두산인프라코어","2128066471","2128066471","0","15692.0","15692.0","0.0"
"034020","두산중공업","1497275216","1497275216","0","16065.0","16065.0","0.0"
"336260","두산퓨얼셀","645377423","645377423","0","17091.0","17091.0","0.0"
"33626K","두산퓨얼셀1우","131261812","131261812","0","1533.0","1533.0","0.0"
"33626L","두산퓨얼셀2우B","44402391","44402391","0","862.0","862.0","0.0"
"016740","두올","199486489","199486489","0","679.0","679.0","0.0"
"192650","드림텍","790455728","790455728","0","9778.0","9778.0","0.0"
"024090","디씨엠","3266868","3266868","0","36.0","36.0","0.0"
"003160","디아이","71535885","71535885","0","279.0","279.0","0.0"
"092200","디아이씨","217093541","217093541","0","541.0","541.0","0.0"
"013570","디와이","33009816","33009816","0","141.0","141.0","0.0"
"210540","디와이파워","39177056","39177056","0","406.0","406.0","0.0"
"007340","디티알오토모티브","4165123","4165123","0","102.0","102.0","0.0"
"026890","디피씨","1963120843","1963120843","0","21525.0","21525.0","0.0"
"115390","락앤락","44858632","44858632","0","511.0","511.0","0.0"
"032350","롯데관광개발","90894177","90894177","0","1266.0","1266.0","0.0"
"330590","롯데리츠","121634938","121634938","0","655.0","655.0","0.0"
"000400","롯데손해보험","202702902","202702902","0","357.0","357.0","0.0"
"023530","롯데쇼핑","37818120","37818120","0","3456.0","3456.0","0.0"
"004000","롯데정밀화학","36313136","36313136","0","1641.0","1641.0","0.0"
"286940","롯데정보통신","13975669","13975669","0","492.0","492.0","0.0"
"280360","롯데제과","1891523","1891523","0","208.0","208.0","0.0"
"004990","롯데지주","113871883","113871883","0","4124.0","4124.0","0.0"
"00499K","롯데지주우","12807281","12807281","0","968.0","968.0","0.0"
"005300","롯데칠성","8478976","8478976","0","863.0","863.0","0.0"
"005305","롯데칠성우","2185969","2185969","0","138.0","138.0","0.0"
"011170","롯데케미칼","58268057","58268057","0","12241.0","12241.0","0.0"
"002270","롯데푸드","961168","961168","0","327.0","327.0","0.0"
"071840","롯데하이마트","30990990","30990990","0","857.0","857.0","0.0"
"027740","마니커","1715901450","1715901450","0","1482.0","1482.0","0.0"
"204320","만도","193808616","193808616","0","6664.0","6664.0","0.0"
"001080","만호제강","4679649","4679649","0","83.0","83.0","0.0"
"088980","맥쿼리인프라","225391302","225391302","0","2500.0","2500.0","0.0"
"094800","맵스리얼티1","24034713","24034713","0","99.0","99.0","0.0"
"138040","메리츠금융지주","31946595","31946595","0","313.0","313.0","0.0"
"008560","메리츠증권","687412131","687412131","0","2306.0","2306.0","0.0"
"000060","메리츠화재","56639754","56639754","0","800.0","800.0","0.0"
"090370","메타랩스","139068151","139068151","0","164.0","164.0","0.0"
"017180","명문제약","1209607484","1209607484","0","8365.0","8365.0","0.0"
"009900","명신산업","221773682","221773682","0","6817.0","6817.0","0.0"
"012690","모나리자","1094855496","1094855496","0","7293.0","7293.0","0.0"
"005360","모나미","1143655379","1143655379","0","6610.0","6610.0","0.0"
"204210","모두투어리츠","4033766","4033766","0","12.0","12.0","0.0"
"009680","모토닉","82626888","82626888","0","1001.0","1001.0","0.0"
"009580","무림P&P","91641003","91641003","0","323.0","323.0","0.0"
"009200","무림페이퍼","111533072","111533072","0","313.0","313.0","0.0"
"033920","무학","27914810","27914810","0","166.0","166.0","0.0"
"008420","문배철강","322227378","322227378","0","1019.0","1019.0","0.0"
"025560","미래산업","4555079099","4555079099","0","532.0","532.0","0.0"
"007120","미래아이앤지","535632445","535632445","0","203.0","203.0","0.0"
"006800","미래에셋대우","799268445","799268445","0","5878.0","5878.0","0.0"
"00680K","미래에셋대우2우B","140525175","140525175","0","572.0","572.0","0.0"
"006805","미래에셋대우우","17434668","17434668","0","81.0","81.0","0.0"
"357250","미래에셋맵스리츠","8411339","8411339","0","40.0","40.0","0.0"
"085620","미래에셋생명","50359353","50359353","0","185.0","185.0","0.0"
"002840","미원상사","1058911","1058911","0","81.0","81.0","0.0"
"268280","미원에스씨","749151","749151","0","62.0","62.0","0.0"
"107590","미원홀딩스","1073603","1073603","0","54.0","54.0","0.0"
"134380","미원화학","296506","296506","0","15.0","15.0","0.0"
"003650","미창석유","315763","315763","0","19.0","19.0","0.0"
"155900","바다로19호","2921993","2921993","0","8.0","8.0","0.0"
"003610","방림","94993596","94993596","0","191.0","191.0","0.0"
"001340","백광산업","1147916102","1147916102","0","3880.0","3880.0","0.0"
"035150","백산","63817411","63817411","0","372.0","372.0","0.0"
"002410","범양건영","398398992","398398992","0","1901.0","1901.0","0.0"
"096300","베트남개발1","89273617","89273617","0","25.0","25.0","0.0"
"007210","벽산","343128809","343128809","0","691.0","691.0","0.0"
"002760","보락","1130157332","1130157332","0","2765.0","2765.0","0.0"
"003850","보령제약","194095565","194095565","0","3204.0","3204.0","0.0"
"000890","보해양조","1375313279","1375313279","0","1332.0","1332.0","0.0"
"003000","부광약품","1068907783","1068907783","0","32979.0","32979.0","0.0"
"001270","부국증권","1321114","1321114","0","26.0","26.0","0.0"
"001275","부국증권우","420886","420886","0","8.0","8.0","0.0"
"026940","부국철강","179035453","179035453","0","882.0","882.0","0.0"
"015350","부산가스","2063780","2063780","0","94.0","94.0","0.0"
"011390","부산산업","9936093","9936093","0","1334.0","1334.0","0.0"
"005030","부산주공","630485808","630485808","0","397.0","397.0","0.0"
"002070","비비안","1123713269","1123713269","0","1929.0","1929.0","0.0"
"100220","비상교육","65867151","65867151","0","531.0","531.0","0.0"
"030790","비케이탑스","1241590645","1241590645","0","1117.0","1117.0","0.0"
"352820","빅히트","38916014","38916014","0","7718.0","7718.0","0.0"
"005180","빙그레","11271760","11271760","0","675.0","675.0","0.0"
"003960","사조대림","12299094","12299094","0","182.0","182.0","0.0"
"008040","사조동아원","232218183","232218183","0","209.0","209.0","0.0"
"007160","사조산업","7145588","7145588","0","223.0","223.0","0.0"
"014710","사조씨푸드","287499442","287499442","0","1717.0","1717.0","0.0"
"006090","사조오양","67513418","67513418","0","607.0","607.0","0.0"
"001470","삼부토건","1027290884","1027290884","0","2968.0","2968.0","0.0"
"006400","삼성SDI","150124715","150124715","0","54737.0","54737.0","0.0"
"006405","삼성SDI우","10101765","10101765","0","2222.0","2222.0","0.0"
"006660","삼성공조","6871108","6871108","0","48.0","48.0","0.0"
"028260","삼성물산","159892709","159892709","0","18007.0","18007.0","0.0"
"02826K","삼성물산우B","10022084","10022084","0","1113.0","1113.0","0.0"
"207940","삼성바이오로직스","57387330","57387330","0","36830.0","36830.0","0.0"
"032830","삼성생명","175481548","175481548","0","10212.0","10212.0","0.0"
"018260","삼성에스디에스","45830797","45830797","0","7947.0","7947.0","0.0"
"028050","삼성엔지니어링","509144508","509144508","0","6231.0","6231.0","0.0"
"009150","삼성전기","190683465","190683465","0","24687.0","24687.0","0.0"
"009155","삼성전기우","11365807","11365807","0","704.0","704.0","0.0"
"005930","삼성전자","5471749199","5471749199","0","311167.0","311167.0","0.0"
"005935","삼성전자우","662849270","662849270","0","33849.0","33849.0","0.0"
"001360","삼성제약","927475519","927475519","0","4221.0","4221.0","0.0"
"010140","삼성중공업","2263565236","2263565236","0","13611.0","13611.0","0.0"
"010145","삼성중공우","6814368","6814368","0","3201.0","3201.0","0.0"
"016360","삼성증권","137447081","137447081","0","4398.0","4398.0","0.0"
"068290","삼성출판사","132117767","132117767","0","3120.0","3120.0","0.0"
"029780","삼성카드","40119546","40119546","0","1232.0","1232.0","0.0"
"000810","삼성화재","36624842","36624842","0","6873.0","6873.0","0.0"
"000815","삼성화재우","3259454","3259454","0","445.0","445.0","0.0"
"006110","삼아알미늄","136047786","136047786","0","1171.0","1171.0","0.0"
"145990","삼양사","10972591","10972591","0","594.0","594.0","0.0"
"145995","삼양사우","3065206","3065206","0","145.0","145.0","0.0"
"003230","삼양식품","16770308","16770308","0","1839.0","1839.0","0.0"
"002170","삼양통상","1825309","1825309","0","105.0","105.0","0.0"
"272550","삼양패키징","9960390","9960390","0","185.0","185.0","0.0"
"000070","삼양홀딩스","5813014","5813014","0","364.0","364.0","0.0"
"000075","삼양홀딩스우","1023150","1023150","0","51.0","51.0","0.0"
"002810","삼영무역","7728349","7728349","0","106.0","106.0","0.0"
"005680","삼영전자","12340701","12340701","0","104.0","104.0","0.0"
"003720","삼영화학","98250807","98250807","0","186.0","186.0","0.0"
"023000","삼원강재","10221712","10221712","0","23.0","23.0","0.0"
"004380","삼익THK","17581276","17581276","0","203.0","203.0","0.0"
"002450","삼익악기","128459351","128459351","0","193.0","193.0","0.0"
"004440","삼일씨엔에스","27614605","27614605","0","244.0","244.0","0.0"
"000520","삼일제약","34108268","34108268","0","738.0","738.0","0.0"
"009770","삼정펄프","541536","541536","0","14.0","14.0","0.0"
"005500","삼진제약","31048236","31048236","0","837.0","837.0","0.0"
"004690","삼천리","2417968","2417968","0","180.0","180.0","0.0"
"010960","삼호개발","51833934","51833934","0","239.0","239.0","0.0"
"004450","삼화왕관","310198","310198","0","13.0","13.0","0.0"
"009470","삼화전기","46808919","46808919","0","844.0","844.0","0.0"
"011230","삼화전자","71731031","71731031","0","233.0","233.0","0.0"
"001820","삼화콘덴서","60675752","60675752","0","3399.0","3399.0","0.0"
"000390","삼화페인트","69925606","69925606","0","673.0","673.0","0.0"
"001290","상상인증권","55397020","55397020","0","66.0","66.0","0.0"
"041650","상신브레이크","30930628","30930628","0","88.0","88.0","0.0"
"075180","새론오토모티브","7102206","7102206","0","34.0","34.0","0.0"
"007540","샘표","20079429","20079429","0","1150.0","1150.0","0.0"
"248170","샘표식품","24571425","24571425","0","1094.0","1094.0","0.0"
"007860","서연","837760768","837760768","0","7010.0","7010.0","0.0"
"200880","서연이화","198095679","198095679","0","1223.0","1223.0","0.0"
"017390","서울가스","444621","444621","0","37.0","37.0","0.0"
"004410","서울식품","8952996976","8952996976","0","1931.0","1931.0","0.0"
"004415","서울식품우","110973789","110973789","0","586.0","586.0","0.0"
"021050","서원","1192352850","1192352850","0","4055.0","4055.0","0.0"
"008490","서흥","12927896","12927896","0","631.0","631.0","0.0"
"007610","선도전기","42325670","42325670","0","116.0","116.0","0.0"
"136490","선진","25701935","25701935","0","243.0","243.0","0.0"
"002820","선창산업","7755127","7755127","0","30.0","30.0","0.0"
"014910","성문전자","73847923","73847923","0","139.0","139.0","0.0"
"014915","성문전자우","15739508","15739508","0","208.0","208.0","0.0"
"003080","성보화학","7692550","7692550","0","35.0","35.0","0.0"
"004980","성신양회","81326038","81326038","0","603.0","603.0","0.0"
"004985","성신양회우","27535956","27535956","0","459.0","459.0","0.0"
"011300","성안","85202469","85202469","0","45.0","45.0","0.0"
"000180","성창기업지주","228142372","228142372","0","447.0","447.0","0.0"
"002420","세기상사","754907","754907","0","46.0","46.0","0.0"
"004360","세방","19752267","19752267","0","206.0","206.0","0.0"
"004365","세방우","777465","777465","0","5.0","5.0","0.0"
"004490","세방전지","20506908","20506908","0","940.0","940.0","0.0"
"001430","세아베스틸","47641798","47641798","0","505.0","505.0","0.0"
"306200","세아제강","4319855","4319855","0","300.0","300.0","0.0"
"003030","세아제강지주","2888846","2888846","0","111.0","111.0","0.0"
"019440","세아특수강","3075974","3075974","0","34.0","34.0","0.0"
"058650","세아홀딩스","317249","317249","0","19.0","19.0","0.0"
"013000","세우글로벌","876613325","876613325","0","2358.0","2358.0","0.0"
"091090","세원셀론텍","172151934","172151934","0","512.0","512.0","0.0"
"067830","세이브존I&C","39854592","39854592","0","112.0","112.0","0.0"
"033530","세종공업","224102357","224102357","0","1731.0","1731.0","0.0"
"075580","세진중공업","245894349","245894349","0","1806.0","1806.0","0.0"
"027970","세하","209362800","209362800","0","372.0","372.0","0.0"
"145210","세화아이엠씨","427584314","427584314","0","479.0","479.0","0.0"
"308170","센트랄모텍","144238906","144238906","0","4397.0","4397.0","0.0"
"012600","센트럴인사이트","68980460","68980460","0","367.0","367.0","0.0"
"068270","셀트리온","340532726","340532726","0","90570.0","90570.0","0.0"
"336370","솔루스첨단소재","238524701","238524701","0","8766.0","8766.0","0.0"
"33637K","솔루스첨단소재1우","54777357","54777357","0","890.0","890.0","0.0"
"33637L","솔루스첨단소재2우B","20534185","20534185","0","689.0","689.0","0.0"
"004430","송원산업","79301689","79301689","0","1120.0","1120.0","0.0"
"017550","수산중공업","924735884","924735884","0","2263.0","2263.0","0.0"
"053210","스카이라이프","34916422","34916422","0","302.0","302.0","0.0"
"134790","시디즈","1784760","1784760","0","94.0","94.0","0.0"
"016590","신대양제지","6120657","6120657","0","353.0","353.0","0.0"
"029530","신도리코","4753534","4753534","0","121.0","121.0","0.0"
"004970","신라교역","5868863","5868863","0","56.0","56.0","0.0"
"011930","신성이엔지","4219908536","4219908536","0","10980.0","10980.0","0.0"
"005390","신성통상","2244926006","2244926006","0","3961.0","3961.0","0.0"
"004170","신세계","25179156","25179156","0","5915.0","5915.0","0.0"
"035510","신세계 I&C","2372530","2372530","0","287.0","287.0","0.0"
"034300","신세계건설","6636653","6636653","0","159.0","159.0","0.0"
"031430","신세계인터내셔날","15424877","15424877","0","2781.0","2781.0","0.0"
"031440","신세계푸드","3835213","3835213","0","225.0","225.0","0.0"
"006880","신송홀딩스","30806204","30806204","0","127.0","127.0","0.0"
"005800","신영와코루","217592","217592","0","17.0","17.0","0.0"
"001720","신영증권","1843165","1843165","0","88.0","88.0","0.0"
"001725","신영증권우","648098","648098","0","31.0","31.0","0.0"
"009270","신원","409900817","409900817","0","652.0","652.0","0.0"
"009275","신원우","2099512","2099512","0","121.0","121.0","0.0"
"002700","신일전자","883846637","883846637","0","1789.0","1789.0","0.0"
"019170","신풍제약","2036548432","2036548432","0","83967.0","83967.0","0.0"
"019175","신풍제약우","119810108","119810108","0","7309.0","7309.0","0.0"
"002870","신풍제지","590516688","590516688","0","2063.0","2063.0","0.0"
"005450","신한","18268596","18268596","0","18.0","18.0","0.0"
"293940","신한알파리츠","29455930","29455930","0","201.0","201.0","0.0"
"055550","신한지주","586798735","586798735","0","18419.0","18419.0","0.0"
"001770","신화실업","3090670","3090670","0","67.0","67.0","0.0"
"004080","신흥","4427843","4427843","0","54.0","54.0","0.0"
"102280","쌍방울","1817788530","1817788530","0","1793.0","1793.0","0.0"
"003410","쌍용양회","377285812","377285812","0","2110.0","2110.0","0.0"
"003415","쌍용양회우","15496949","15496949","0","564.0","564.0","0.0"
"003620","쌍용차","980909704","980909704","0","3548.0","3548.0","0.0"
"004770","써니전자","1453745033","1453745033","0","6641.0","6641.0","0.0"
"015540","쎌마테라퓨틱스","188946784","188946784","0","1450.0","1450.0","0.0"
"004920","씨아이테크","83047801","83047801","0","70.0","70.0","0.0"
"112610","씨에스윈드","73779074","73779074","0","6686.0","6686.0","0.0"
"008700","아남전자","1243034031","1243034031","0","3077.0","3077.0","0.0"
"002790","아모레G","43017508","43017508","0","2452.0","2452.0","0.0"
"00279K","아모레G3우(전환)","4384200","4384200","0","171.0","171.0","0.0"
"002795","아모레G우","16446778","16446778","0","386.0","386.0","0.0"
"090430","아모레퍼시픽","86372460","86372460","0","15388.0","15388.0","0.0"
"090435","아모레퍼시픽우","16509626","16509626","0","1031.0","1031.0","0.0"
"002030","아세아","1034467","1034467","0","84.0","84.0","0.0"
"183190","아세아시멘트","2604606","2604606","0","161.0","161.0","0.0"
"002310","아세아제지","19805409","19805409","0","630.0","630.0","0.0"
"267850","아시아나IDT","156534554","156534554","0","3667.0","3667.0","0.0"
"020560","아시아나항공","1699524919","1699524919","0","7863.0","7863.0","0.0"
"122900","아이마켓코리아","20337882","20337882","0","179.0","179.0","0.0"
"010780","아이에스동서","27440509","27440509","0","1018.0","1018.0","0.0"
"033660","아주캐피탈","12932070","12932070","0","161.0","161.0","0.0"
"001780","알루코","1008535362","1008535362","0","4446.0","4446.0","0.0"
"018250","애경산업","32708539","32708539","0","845.0","845.0","0.0"
"161000","애경유화","51448715","51448715","0","405.0","405.0","0.0"
"011090","에넥스","549030365","549030365","0","674.0","674.0","0.0"
"005850","에스엘","53440331","53440331","0","741.0","741.0","0.0"
"012750","에스원","16384014","16384014","0","1412.0","1412.0","0.0"
"023960","에쓰씨엔지니어링","59726332","59726332","0","182.0","182.0","0.0"
"298690","에어부산","264125504","264125504","0","1109.0","1109.0","0.0"
"140910","에이리츠","6399091","6399091","0","45.0","45.0","0.0"
"078520","에이블씨엔씨","37708108","37708108","0","361.0","361.0","0.0"
"015260","에이엔피","241477225","241477225","0","170.0","170.0","0.0"
"007460","에이프로젠 KIC","2552495039","2552495039","0","6981.0","6981.0","0.0"
"003060","에이프로젠제약","3375120086","3375120086","0","5814.0","5814.0","0.0"
"244920","에이플러스에셋","14512802","14512802","0","98.0","98.0","0.0"
"036570","엔씨소프트","28891447","28891447","0","22056.0","22056.0","0.0"
"138250","엔에스쇼핑","30036044","30036044","0","321.0","321.0","0.0"
"085310","엔케이","253462846","253462846","0","277.0","277.0","0.0"
"009810","엔케이물산","522843549","522843549","0","371.0","371.0","0.0"
"900140","엘브이엠씨홀딩스","131397097","131397097","0","510.0","510.0","0.0"
"014440","영보화학","75967698","75967698","0","305.0","305.0","0.0"
"111770","영원무역","46200639","46200639","0","1312.0","1312.0","0.0"
"009970","영원무역홀딩스","2632846","2632846","0","99.0","99.0","0.0"
"003520","영진약품","1351266906","1351266906","0","11137.0","11137.0","0.0"
"000670","영풍","666654","666654","0","336.0","336.0","0.0"
"006740","영풍제지","112491432","112491432","0","668.0","668.0","0.0"
"012280","영화금속","1060592289","1060592289","0","2225.0","2225.0","0.0"
"012160","영흥","291550448","291550448","0","360.0","360.0","0.0"
"015360","예스코홀딩스","757699","757699","0","27.0","27.0","0.0"
"007310","오뚜기","1528492","1528492","0","838.0","838.0","0.0"
"079440","오렌지라이프","2981826","2981826","0","82.0","82.0","0.0"
"002630","오리엔트바이오","1464448803","1464448803","0","1434.0","1434.0","0.0"
"271560","오리온","31070701","31070701","0","3838.0","3838.0","0.0"
"001800","오리온홀딩스","42149700","42149700","0","567.0","567.0","0.0"
"070960","용평리조트","75646093","75646093","0","342.0","342.0","0.0"
"316140","우리금융지주","551225878","551225878","0","4951.0","4951.0","0.0"
"004720","우리들제약","398392385","398392385","0","5465.0","5465.0","0.0"
"118000","우리들휴브레인","1049438128","1049438128","0","4264.0","4264.0","0.0"
"010050","우리종금","499816001","499816001","0","275.0","275.0","0.0"
"006980","우성사료","362481484","362481484","0","1209.0","1209.0","0.0"
"017370","우신시스템","61623395","61623395","0","214.0","214.0","0.0"
"105840","우진","146467025","146467025","0","657.0","657.0","0.0"
"010400","우진아이엔에스","9744983","9744983","0","74.0","74.0","0.0"
"049800","우진플라임","10468642","10468642","0","41.0","41.0","0.0"
"016880","웅진","106328329","106328329","0","129.0","129.0","0.0"
"095720","웅진씽크빅","200942923","200942923","0","522.0","522.0","0.0"
"103130","웅진에너지","152537944","152537944","0","34.0","34.0","0.0"
"005820","원림","511987","511987","0","9.0","9.0","0.0"
"010600","웰바이오텍","205575310","205575310","0","519.0","519.0","0.0"
"008600","윌비스","927535498","927535498","0","1344.0","1344.0","0.0"
"033270","유나이티드제약","279012582","279012582","0","14972.0","14972.0","0.0"
"014830","유니드","8551441","8551441","0","372.0","372.0","0.0"
"000910","유니온","663178871","663178871","0","4838.0","4838.0","0.0"
"047400","유니온머티리얼","2040640053","2040640053","0","8486.0","8486.0","0.0"
"011330","유니켐","135952957","135952957","0","203.0","203.0","0.0"
"077500","유니퀘스트","170088587","170088587","0","1746.0","1746.0","0.0"
"002920","유성기업","42989195","42989195","0","121.0","121.0","0.0"
"000700","유수홀딩스","8476575","8476575","0","48.0","48.0","0.0"
"003470","유안타증권","125873807","125873807","0","349.0","349.0","0.0"
"003475","유안타증권우","55851457","55851457","0","135.0","135.0","0.0"
"011690","유양디앤유","176281922","176281922","0","367.0","367.0","0.0"
"072130","유엔젤","140772442","140772442","0","607.0","607.0","0.0"
"000220","유유제약","116414641","116414641","0","1882.0","1882.0","0.0"
"000225","유유제약1우","30573261","30573261","0","469.0","469.0","0.0"
"000227","유유제약2우B","1893402","1893402","0","83.0","83.0","0.0"
"001200","유진투자증권","242746321","242746321","0","797.0","797.0","0.0"
"000100","유한양행","164719790","164719790","0","10759.0","10759.0","0.0"
"000105","유한양행우","8816520","8816520","0","610.0","610.0","0.0"
"003460","유화증권","3419896","3419896","0","11.0","11.0","0.0"
"003465","유화증권우","2035307","2035307","0","6.0","6.0","0.0"
"008730","율촌화학","29193210","29193210","0","471.0","471.0","0.0"
"008250","이건산업","79326285","79326285","0","686.0","686.0","0.0"
"025820","이구산업","242460378","242460378","0","428.0","428.0","0.0"
"214320","이노션","17313620","17313620","0","969.0","969.0","0.0"
"088260","이리츠코크렙","17705807","17705807","0","96.0","96.0","0.0"
"139480","이마트","65488554","65488554","0","8260.0","8260.0","0.0"
"007660","이수페타시스","230329591","230329591","0","969.0","969.0","0.0"
"005950","이수화학","201024700","201024700","0","2334.0","2334.0","0.0"
"015020","이스타코","67125327","67125327","0","48.0","48.0","0.0"
"093230","이아이디","4781412733","4781412733","0","1482.0","1482.0","0.0"
"074610","이엔플러스","370862614","370862614","0","2084.0","2084.0","0.0"
"102460","이연제약","92244576","92244576","0","1950.0","1950.0","0.0"
"084680","이월드","574428950","574428950","0","2598.0","2598.0","0.0"
"350520","이지스레지던스리츠","13348560","13348560","0","63.0","63.0","0.0"
"334890","이지스밸류리츠","24374817","24374817","0","114.0","114.0","0.0"
"000760","이화산업","722709","722709","0","11.0","11.0","0.0"
"014990","인디에프","403423014","403423014","0","827.0","827.0","0.0"
"101140","인바이오젠","260091975","260091975","0","1364.0","1364.0","0.0"
"006490","인스코비","396440610","396440610","0","1005.0","1005.0","0.0"
"023800","인지컨트롤스","247743272","247743272","0","2384.0","2384.0","0.0"
"034590","인천도시가스","686692","686692","0","18.0","18.0","0.0"
"129260","인터지스","191961262","191961262","0","510.0","510.0","0.0"
"023810","인팩","9402905","9402905","0","44.0","44.0","0.0"
"249420","일동제약","69366469","69366469","0","1218.0","1218.0","0.0"
"000230","일동홀딩스","11454678","11454678","0","128.0","128.0","0.0"
"013360","일성건설","158954031","158954031","0","175.0","175.0","0.0"
"003120","일성신약","3354169","3354169","0","299.0","299.0","0.0"
"003200","일신방직","1959884","1959884","0","140.0","140.0","0.0"
"007110","일신석재","721584146","721584146","0","1655.0","1655.0","0.0"
"007570","일양약품","330944514","330944514","0","21006.0","21006.0","0.0"
"007575","일양약품우","8707485","8707485","0","789.0","789.0","0.0"
"008500","일정실업","2263813","2263813","0","38.0","38.0","0.0"
"081000","일진다이아","111036639","111036639","0","4828.0","4828.0","0.0"
"020760","일진디스플","107484001","107484001","0","442.0","442.0","0.0"
"020150","일진머티리얼즈","153110890","153110890","0","6900.0","6900.0","0.0"
"103590","일진전기","67449159","67449159","0","196.0","196.0","0.0"
"015860","일진홀딩스","128503665","128503665","0","636.0","636.0","0.0"
"226320","잇츠한불","90490465","90490465","0","2430.0","2430.0","0.0"
"317400","자이에스앤디","71947928","71947928","0","525.0","525.0","0.0"
"033240","자화전자","88268613","88268613","0","1131.0","1131.0","0.0"
"000950","전방","5617528","5617528","0","159.0","159.0","0.0"
"348950","제이알글로벌리츠","40346736","40346736","0","204.0","204.0","0.0"
"194370","제이에스코퍼레이션","11650876","11650876","0","90.0","90.0","0.0"
"025620","제이준코스메틱","149838909","149838909","0","473.0","473.0","0.0"
"036420","제이콘텐트리","46140424","46140424","0","1491.0","1491.0","0.0"
"030000","제일기획","142373635","142373635","0","2620.0","2620.0","0.0"
"271980","제일약품","205225093","205225093","0","13362.0","13362.0","0.0"
"001560","제일연마","7028939","7028939","0","47.0","47.0","0.0"
"002620","제일파마홀딩스","57095164","57095164","0","1313.0","1313.0","0.0"
"006220","제주은행","9276540","9276540","0","30.0","30.0","0.0"
"089590","제주항공","78486763","78486763","0","1357.0","1357.0","0.0"
"004910","조광페인트","23625308","23625308","0","150.0","150.0","0.0"
"004700","조광피혁","1902940","1902940","0","103.0","103.0","0.0"
"001550","조비","48915281","48915281","0","1022.0","1022.0","0.0"
"000480","조선내화","660404","660404","0","50.0","50.0","0.0"
"120030","조선선재","4106617","4106617","0","475.0","475.0","0.0"
"018470","조일알미늄","137072279","137072279","0","91.0","91.0","0.0"
"002600","조흥","89532","89532","0","15.0","15.0","0.0"
"185750","종근당","53331058","53331058","0","9742.0","9742.0","0.0"
"063160","종근당바이오","117916872","117916872","0","7791.0","7791.0","0.0"
"001630","종근당홀딩스","22103263","22103263","0","2711.0","2711.0","0.0"
"044380","주연테크","968682213","968682213","0","947.0","947.0","0.0"
"013890","지누스","33657109","33657109","0","2700.0","2700.0","0.0"
"013870","지엠비코리아","140134107","140134107","0","978.0","978.0","0.0"
"071320","지역난방공사","3134364","3134364","0","116.0","116.0","0.0"
"010580","지코","483810345","483810345","0","213.0","213.0","0.0"
"035000","지투알","9226507","9226507","0","51.0","51.0","0.0"
"088790","진도","164348854","164348854","0","700.0","700.0","0.0"
"003780","진양산업","161749920","161749920","0","656.0","656.0","0.0"
"010640","진양폴리","93716616","93716616","0","343.0","343.0","0.0"
"100250","진양홀딩스","37403594","37403594","0","97.0","97.0","0.0"
"051630","진양화학","124534726","124534726","0","513.0","513.0","0.0"
"272450","진에어","88766113","88766113","0","992.0","992.0","0.0"
"011000","진원생명과학","1994916391","1994916391","0","31501.0","31501.0","0.0"
"002780","진흥기업","170701380","170701380","0","438.0","438.0","0.0"
"002787","진흥기업2우B","10727556","10727556","0","190.0","190.0","0.0"
"002785","진흥기업우B","34466161","34466161","0","321.0","321.0","0.0"
"009310","참엔지니어링","89023593","89023593","0","127.0","127.0","0.0"
"000650","천일고속","832896","832896","0","58.0","58.0","0.0"
"033250","체시스","623335819","623335819","0","1893.0","1893.0","0.0"
"035720","카카오","236362353","236362353","0","65920.0","65920.0","0.0"
"006380","카프로","128390679","128390679","0","418.0","418.0","0.0"
"109070","컨버즈","28578210","28578210","0","111.0","111.0","0.0"
"001620","케이비아이동국실업","41540593","41540593","0","26.0","26.0","0.0"
"029460","케이씨","32118422","32118422","0","664.0","664.0","0.0"
"344820","케이씨씨글라스","39766745","39766745","0","1279.0","1279.0","0.0"
"281820","케이씨텍","53448868","53448868","0","1192.0","1192.0","0.0"
"145270","케이탑리츠","87961591","87961591","0","84.0","84.0","0.0"
"357120","코람코에너지리츠","16884360","16884360","0","81.0","81.0","0.0"
"007815","코리아써우","2306579","2306579","0","12.0","12.0","0.0"
"007810","코리아써키트","129814490","129814490","0","1575.0","1575.0","0.0"
"00781K","코리아써키트2우B","1698109","1698109","0","11.0","11.0","0.0"
"152330","코리아오토글라스","17122721","17122721","0","240.0","240.0","0.0"
"003690","코리안리","95263855","95263855","0","739.0","739.0","0.0"
"192820","코스맥스","35027425","35027425","0","3252.0","3252.0","0.0"
"044820","코스맥스비티아이","12090344","12090344","0","225.0","225.0","0.0"
"005070","코스모신소재","343398247","343398247","0","4666.0","4666.0","0.0"
"005420","코스모화학","314272937","314272937","0","3049.0","3049.0","0.0"
"071950","코아스","114162799","114162799","0","133.0","133.0","0.0"
"002020","코오롱","29950698","29950698","0","633.0","633.0","0.0"
"003070","코오롱글로벌","80734571","80734571","0","1303.0","1303.0","0.0"
"003075","코오롱글로벌우","10640327","10640327","0","403.0","403.0","0.0"
"144620","코오롱머티리얼","370272165","370272165","0","1200.0","1200.0","0.0"
"002025","코오롱우","5126721","5126721","0","67.0","67.0","0.0"
"120110","코오롱인더","67852516","67852516","0","2392.0","2392.0","0.0"
"120115","코오롱인더우","13329644","13329644","0","264.0","264.0","0.0"
"138490","코오롱플라스틱","73844124","73844124","0","313.0","313.0","0.0"
"021240","코웨이","82512821","82512821","0","6358.0","6358.0","0.0"
"031820","콤텍시스템","1030784796","1030784796","0","1620.0","1620.0","0.0"
"192400","쿠쿠홀딩스","2006952","2006952","0","184.0","184.0","0.0"
"284740","쿠쿠홈시스","13662082","13662082","0","524.0","524.0","0.0"
"015590","큐로","675797502","675797502","0","563.0","563.0","0.0"
"264900","크라운제과","9880681","9880681","0","84.0","84.0","0.0"
"26490K","크라운제과우","20074118","20074118","0","218.0","218.0","0.0"
"005740","크라운해태홀딩스","18997948","18997948","0","177.0","177.0","0.0"
"005745","크라운해태홀딩스우","11496652","11496652","0","165.0","165.0","0.0"
"020120","키다리스튜디오","78777516","78777516","0","537.0","537.0","0.0"
"039490","키움증권","27847275","27847275","0","2763.0","2763.0","0.0"
"014580","태경비케이","196710264","196710264","0","772.0","772.0","0.0"
"015890","태경산업","32044734","32044734","0","181.0","181.0","0.0"
"006890","태경케미컬","246838714","246838714","0","2984.0","2984.0","0.0"
"003240","태광산업","345639","345639","0","257.0","257.0","0.0"
"011280","태림포장","1054535034","1054535034","0","5520.0","5520.0","0.0"
"004100","태양금속","288681631","288681631","0","399.0","399.0","0.0"
"004105","태양금속우","93395831","93395831","0","355.0","355.0","0.0"
"009410","태영건설","143875018","143875018","0","1977.0","1977.0","0.0"
"009415","태영건설우","47687709","47687709","0","738.0","738.0","0.0"
"001420","태원물산","13466414","13466414","0","56.0","56.0","0.0"
"007980","태평양물산","380719035","380719035","0","786.0","786.0","0.0"
"055490","테이팩스","17639428","17639428","0","498.0","498.0","0.0"
"078000","텔코웨어","5003291","5003291","0","63.0","63.0","0.0"
"214420","토니모리","60223740","60223740","0","670.0","670.0","0.0"
"019180","티에이치엔","62389648","62389648","0","179.0","179.0","0.0"
"363280","티와이홀딩스","33424282","33424282","0","821.0","821.0","0.0"
"36328K","티와이홀딩스우","8172410","8172410","0","291.0","291.0","0.0"
"091810","티웨이항공","147849530","147849530","0","476.0","476.0","0.0"
"004870","티웨이홀딩스","200473407","200473407","0","247.0","247.0","0.0"
"005690","파미셀","1439159075","1439159075","0","28470.0","28470.0","0.0"
"036580","팜스코","57506344","57506344","0","313.0","313.0","0.0"
"028670","팬오션","846886988","846886988","0","3358.0","3358.0","0.0"
"010820","퍼스텍","590902827","590902827","0","1539.0","1539.0","0.0"
"016800","퍼시스","782223","782223","0","22.0","22.0","0.0"
"001020","페이퍼코리아","147177825","147177825","0","281.0","281.0","0.0"
"090080","평화산업","170154602","170154602","0","222.0","222.0","0.0"
"010770","평화홀딩스","21700752","21700752","0","79.0","79.0","0.0"
"058430","포스코강판","20709552","20709552","0","314.0","314.0","0.0"
"047050","포스코인터내셔널","109310353","109310353","0","1571.0","1571.0","0.0"
"003670","포스코케미칼","171054002","171054002","0","12421.0","12421.0","0.0"
"017810","풀무원","49321251","49321251","0","768.0","768.0","0.0"
"103140","풍산","76445069","76445069","0","1797.0","1797.0","0.0"
"005810","풍산홀딩스","2469249","2469249","0","67.0","67.0","0.0"
"033180","필룩스","1269556331","1269556331","0","6369.0","6369.0","0.0"
"086790","하나금융지주","440894062","440894062","0","12859.0","12859.0","0.0"
"099340","하나니켈1호","1286662466","1286662466","0","525.0","525.0","0.0"
"099350","하나니켈2호","276900332","276900332","0","446.0","446.0","0.0"
"293480","하나제약","48235918","48235918","0","1198.0","1198.0","0.0"
"039130","하나투어","48317614","48317614","0","2163.0","2163.0","0.0"
"172580","하이골드12호","5927257","5927257","0","13.0","13.0","0.0"
"153360","하이골드3호","3737528","3737528","0","5.0","5.0","0.0"
"159650","하이골드8호","4073026","4073026","0","8.0","8.0","0.0"
"071090","하이스틸","2378947","2378947","0","40.0","40.0","0.0"
"019490","하이트론","23132138","23132138","0","77.0","77.0","0.0"
"000080","하이트진로","133790606","133790606","0","4700.0","4700.0","0.0"
"000087","하이트진로2우B","2313698","2313698","0","49.0","49.0","0.0"
"000140","하이트진로홀딩스","12624171","12624171","0","208.0","208.0","0.0"
"000145","하이트진로홀딩스우","2026228","2026228","0","34.0","34.0","0.0"
"152550","한국ANKOR유전","7402844","7402844","0","13.0","13.0","0.0"
"036460","한국가스공사","91947648","91947648","0","2564.0","2564.0","0.0"
"005430","한국공항","8103225","8103225","0","324.0","324.0","0.0"
"071050","한국금융지주","109455502","109455502","0","6952.0","6952.0","0.0"
"071055","한국금융지주우","15419398","15419398","0","842.0","842.0","0.0"
"010040","한국내화","130080864","130080864","0","503.0","503.0","0.0"
"025540","한국단자","15632492","15632492","0","659.0","659.0","0.0"
"004090","한국석유","3837521","3837521","0","472.0","472.0","0.0"
"002200","한국수출포장","4667920","4667920","0","96.0","96.0","0.0"
"002960","한국쉘석유","739522","739522","0","190.0","190.0","0.0"
"123890","한국자산신탁","127732071","127732071","0","387.0","387.0","0.0"
"015760","한국전력","946768035","946768035","0","21026.0","21026.0","0.0"
"006200","한국전자홀딩스","326258376","326258376","0","296.0","296.0","0.0"
"002300","한국제지","6282409","6282409","0","109.0","109.0","0.0"
"009540","한국조선해양","86935637","86935637","0","8117.0","8117.0","0.0"
"023350","한국종합기술","23864183","23864183","0","100.0","100.0","0.0"
"025890","한국주강","34426963","34426963","0","59.0","59.0","0.0"
"000970","한국주철관","57256349","57256349","0","555.0","555.0","0.0"
"104700","한국철강","46392626","46392626","0","239.0","239.0","0.0"
"017960","한국카본","302978051","302978051","0","2878.0","2878.0","0.0"
"161890","한국콜마","63185506","63185506","0","2850.0","2850.0","0.0"
"024720","한국콜마홀딩스","37568246","37568246","0","984.0","984.0","0.0"
"161390","한국타이어앤테크놀로지","133513189","133513189","0","3707.0","3707.0","0.0"
"000240","한국테크놀로지그룹","225094226","225094226","0","3329.0","3329.0","0.0"
"034830","한국토지신탁","217406972","217406972","0","405.0","405.0","0.0"
"007280","한국특수형강","74262253","74262253","0","122.0","122.0","0.0"
"168490","한국패러랠","8115303","8115303","0","16.0","16.0","0.0"
"010100","한국프랜지","453544503","453544503","0","1126.0","1126.0","0.0"
"047810","한국항공우주","150822416","150822416","0","3730.0","3730.0","0.0"
"123690","한국화장품","198082360","198082360","0","2840.0","2840.0","0.0"
"003350","한국화장품제조","38269433","38269433","0","1520.0","1520.0","0.0"
"011500","한농화성","61511386","61511386","0","467.0","467.0","0.0"
"002390","한독","42094693","42094693","0","1322.0","1322.0","0.0"
"014790","한라","62837528","62837528","0","236.0","236.0","0.0"
"060980","한라홀딩스","12856122","12856122","0","413.0","413.0","0.0"
"053690","한미글로벌","43405321","43405321","0","400.0","400.0","0.0"
"042700","한미반도체","183118653","183118653","0","2003.0","2003.0","0.0"
"008930","한미사이언스","101371193","101371193","0","5398.0","5398.0","0.0"
"128940","한미약품","26553371","26553371","0","8177.0","8177.0","0.0"
"009240","한샘","30496506","30496506","0","2665.0","2665.0","0.0"
"020000","한섬","27606582","27606582","0","802.0","802.0","0.0"
"003680","한성기업","87271036","87271036","0","997.0","997.0","0.0"
"105630","한세실업","62036240","62036240","0","915.0","915.0","0.0"
"069640","한세엠케이","19174475","19174475","0","67.0","67.0","0.0"
"016450","한세예스24홀딩스","56572465","56572465","0","370.0","370.0","0.0"
"010420","한솔PNS","64413572","64413572","0","103.0","103.0","0.0"
"009180","한솔로지스틱스","369362695","369362695","0","718.0","718.0","0.0"
"213500","한솔제지","43882412","43882412","0","606.0","606.0","0.0"
"014680","한솔케미칼","20377715","20377715","0","2669.0","2669.0","0.0"
"004710","한솔테크닉스","148800031","148800031","0","1248.0","1248.0","0.0"
"004150","한솔홀딩스","49280011","49280011","0","169.0","169.0","0.0"
"025750","한솔홈데코","2293381139","2293381139","0","4448.0","4448.0","0.0"
"004960","한신공영","13453885","13453885","0","188.0","188.0","0.0"
"011700","한신기계","100266000","100266000","0","153.0","153.0","0.0"
"001750","한양증권","20858539","20858539","0","166.0","166.0","0.0"
"001755","한양증권우","11870210","11870210","0","240.0","240.0","0.0"
"018880","한온시스템","384829949","384829949","0","4567.0","4567.0","0.0"
"009420","한올바이오파마","194589026","194589026","0","5953.0","5953.0","0.0"
"014130","한익스프레스","284715197","284715197","0","1874.0","1874.0","0.0"
"300720","한일시멘트","1492060","1492060","0","127.0","127.0","0.0"
"002220","한일철강","23433420","23433420","0","42.0","42.0","0.0"
"006390","한일현대시멘트","10712504","10712504","0","314.0","314.0","0.0"
"003300","한일홀딩스","2052697","2052697","0","62.0","62.0","0.0"
"051600","한전KPS","45890493","45890493","0","1410.0","1410.0","0.0"
"052690","한전기술","32494938","32494938","0","560.0","560.0","0.0"
"130660","한전산업","38373429","38373429","0","169.0","169.0","0.0"
"002320","한진","61135130","61135130","0","2711.0","2711.0","0.0"
"097230","한진중공업","83600475","83600475","0","587.0","587.0","0.0"
"003480","한진중공업홀딩스","52192847","52192847","0","193.0","193.0","0.0"
"180640","한진칼","382584005","382584005","0","27596.0","27596.0","0.0"
"18064K","한진칼우","28500789","28500789","0","1673.0","1673.0","0.0"
"005110","한창","936904693","936904693","0","2075.0","2075.0","0.0"
"009460","한창제지","1393631882","1393631882","0","4074.0","4074.0","0.0"
"000880","한화","147767820","147767820","0","3664.0","3664.0","0.0"
"00088K","한화3우B","27111768","27111768","0","335.0","335.0","0.0"
"027390","한화갤러리아타임월드","401797","401797","0","9.0","9.0","0.0"
"088350","한화생명","1870907913","1870907913","0","3245.0","3245.0","0.0"
"000370","한화손해보험","245765719","245765719","0","758.0","758.0","0.0"
"009830","한화솔루션","883449959","883449959","0","31503.0","31503.0","0.0"
"009835","한화솔루션우","63357656","63357656","0","2805.0","2805.0","0.0"
"272210","한화시스템","292626373","292626373","0","3203.0","3203.0","0.0"
"012450","한화에어로스페이스","139776835","139776835","0","3729.0","3729.0","0.0"
"000885","한화우","26745125","26745125","0","1433.0","1433.0","0.0"
"003530","한화투자증권","254233184","254233184","0","461.0","461.0","0.0"
"003535","한화투자증권우","103129914","103129914","0","373.0","373.0","0.0"
"195870","해성디에스","52500020","52500020","0","982.0","982.0","0.0"
"101530","해태제과식품","24027385","24027385","0","203.0","203.0","0.0"
"143210","핸즈코퍼레이션","32582000","32582000","0","268.0","268.0","0.0"
"000720","현대건설","242860940","242860940","0","8198.0","8198.0","0.0"
"267270","현대건설기계","67002878","67002878","0","1660.0","1660.0","0.0"
"000725","현대건설우","1699538","1699538","0","383.0","383.0","0.0"
"005440","현대그린푸드","103437152","103437152","0","845.0","845.0","0.0"
"086280","현대글로비스","52577876","52577876","0","7895.0","7895.0","0.0"
"064350","현대로템","501231810","501231810","0","8112.0","8112.0","0.0"
"079430","현대리바트","84970322","84970322","0","1330.0","1330.0","0.0"
"012330","현대모비스","98825985","98825985","0","21288.0","21288.0","0.0"
"010620","현대미포조선","77941659","77941659","0","2860.0","2860.0","0.0"
"069960","현대백화점","41631525","41631525","0","2707.0","2707.0","0.0"
"004560","현대비앤지스틸","31057618","31057618","0","262.0","262.0","0.0"
"004565","현대비앤지스틸우","2664749","2664749","0","246.0","246.0","0.0"
"011760","현대상사","21918770","21918770","0","310.0","310.0","0.0"
"004310","현대약품","739408051","739408051","0","5195.0","5195.0","0.0"
"322000","현대에너지솔루션","107719311","107719311","0","3330.0","3330.0","0.0"
"017800","현대엘리베이","83527246","83527246","0","4504.0","4504.0","0.0"
"307950","현대오토에버","32755072","32755072","0","2309.0","2309.0","0.0"
"011210","현대위아","62383619","62383619","0","2535.0","2535.0","0.0"
"267260","현대일렉트릭","137851917","137851917","0","1826.0","1826.0","0.0"
"004020","현대제철","278697766","278697766","0","7418.0","7418.0","0.0"
"267250","현대중공업지주","13435417","13435417","0","3404.0","3404.0","0.0"
"005380","현대차","506688363","506688363","0","70339.0","70339.0","0.0"
"005387","현대차2우B","34087727","34087727","0","2564.0","2564.0","0.0"
"005389","현대차3우B","6146803","6146803","0","427.0","427.0","0.0"
"005385","현대차우","33447090","33447090","0","2353.0","2353.0","0.0"
"001500","현대차증권","34960919","34960919","0","349.0","349.0","0.0"
"227840","현대코퍼레이션홀딩스","11489414","11489414","0","116.0","116.0","0.0"
"126560","현대퓨처넷","187224644","187224644","0","766.0","766.0","0.0"
"001450","현대해상","89695686","89695686","0","2084.0","2084.0","0.0"
"057050","현대홈쇼핑","9770015","9770015","0","679.0","679.0","0.0"
"093240","형지엘리트","660842275","660842275","0","1556.0","1556.0","0.0"
"003010","혜인","189699456","189699456","0","1024.0","1024.0","0.0"
"111110","호전실업","8282149","8282149","0","81.0","81.0","0.0"
"008770","호텔신라","172608764","172608764","0","13790.0","13790.0","0.0"
"008775","호텔신라우","10589608","10589608","0","763.0","763.0","0.0"
"002460","화성산업","30560321","30560321","0","368.0","368.0","0.0"
"013520","화승알앤에이","54223021","54223021","0","101.0","101.0","0.0"
"241590","화승엔터프라이즈","93084887","93084887","0","1211.0","1211.0","0.0"
"006060","화승인더","174851244","174851244","0","1435.0","1435.0","0.0"
"010690","화신","119898067","119898067","0","345.0","345.0","0.0"
"133820","화인베스틸","336245236","336245236","0","898.0","898.0","0.0"
"010660","화천기계","671704661","671704661","0","2217.0","2217.0","0.0"
"000850","화천기공","1717555","1717555","0","58.0","58.0","0.0"
"016580","환인제약","33617328","33617328","0","525.0","525.0","0.0"
"032560","황금에스티","41340044","41340044","0","291.0","291.0","0.0"
"004800","효성","21066299","21066299","0","1517.0","1517.0","0.0"
"094280","효성ITX","17615885","17615885","0","353.0","353.0","0.0"
"298040","효성중공업","71194734","71194734","0","3022.0","3022.0","0.0"
"298050","효성첨단소재","20418537","20418537","0","2574.0","2574.0","0.0"
"298020","효성티앤씨","7747928","7747928","0","1140.0","1140.0","0.0"
"298000","효성화학","7877275","7877275","0","939.0","939.0","0.0"
"093370","후성","754481864","754481864","0","7206.0","7206.0","0.0"
"081660","휠라홀딩스","140195292","140195292","0","5280.0","5280.0","0.0"
"005870","휴니드","165733073","165733073","0","1292.0","1292.0","0.0"
"079980","휴비스","160613564","160613564","0","1113.0","1113.0","0.0"
"005010","휴스틸","4926147","4926147","0","34.0","34.0","0.0"
"069260","휴켐스","63765728","63765728","0","1342.0","1342.0","0.0"
"000540","흥국화재","56622279","56622279","0","159.0","159.0","0.0"
"000547","흥국화재2우B","6328364","6328364","0","173.0","173.0","0.0"
"000545","흥국화재우","56108543","56108543","0","681.0","681.0","0.0"
"003280","흥아해운","720615094","720615094","0","234.0","234.0","0.0"